{
  "menu": [
    {
      "id": 1,
      "categoria": "Café",
      "nombre": "Espresso",
      "precio": 900,
      "disponible": true
    },
    {
      "id": 2,
      "categoria": "Café",
      "nombre": "Café con Leche",
      "precio": 1200,
      "disponible": true
    },
    {
      "id": 3,
      "categoria": "Café",
      "nombre": "Capuccino",
      "precio": 1300,
      "disponible": true
    },
    {
      "id": 4,
      "categoria": "Café",
      "nombre": "Café Americano",
      "precio": 1000,
      "disponible": true
    },
    {
      "id": 5,
      "categoria": "Bebidas",
      "nombre": "Agua 500 ml",
      "precio": 700,
      "disponible": true
    },
    {
      "id": 6,
      "categoria": "Bebidas",
      "nombre": "Agua con gas 500 ml",
      "precio": 750,
      "disponible": true
    },
    {
      "id": 7,
      "categoria": "Bebidas",
      "nombre": "Jugo de frutas",
      "precio": 1100,
      "disponible": true
    },
    {
      "id": 8,
      "categoria": "Bebidas",
      "nombre": "Gaseosa lata",
      "precio": 950,
      "disponible": true
    },
    {
      "id": 9,
      "categoria": "Pastelería",
      "nombre": "Medialuna",
      "precio": 500,
      "disponible": true
    },
    {
      "id": 10,
      "categoria": "Pastelería",
      "nombre": "Tostada",
      "precio": 900,
      "disponible": true
    },
    {
      "id": 11,
      "categoria": "Pastelería",
      "nombre": "Croissant",
      "precio": 1200,
      "disponible": true
    },
    {
      "id": 12,
      "categoria": "Pastelería",
      "nombre": "Alfajor",
      "precio": 800,
      "disponible": true
    },
    {
      "id": 13,
      "categoria": "Sándwiches",
      "nombre": "JyQ",
      "precio": 2200,
      "disponible": true
    },
    {
      "id": 14,
      "categoria": "Sándwiches",
      "nombre": "Milanesa",
      "precio": 2800,
      "disponible": true
    },
    {
      "id": 15,
      "categoria": "Sándwiches",
      "nombre": "Vegetariano",
      "precio": 2400,
      "disponible": true
    }
  ]
}

